{"train_loss": 0.035935232766345145, "train_acc": 0.9957333333333334, "val_loss": 0.855558911005656, "val_acc": 0.864, "_timestamp": 1696505537.2971935, "_runtime": 1437.4268546104431, "_step": 9, "_wandb": {"runtime": 1436}}