{"train_loss": 0.8041208241780599, "train_acc": 0.524, "val_loss": 0.21920907338460285, "val_acc": 0.18, "_timestamp": 1696577817.6466117, "_runtime": 36.656062602996826, "_step": 1, "_wandb": {"runtime": 50}}