{"train_loss": 0.04553304432630539, "train_acc": 0.9861333333333333, "val_loss": 0.45560616753896077, "val_acc": 0.8896, "_timestamp": 1696488668.1272404, "_runtime": 3290.01225233078, "_step": 9, "_wandb": {"runtime": 3289}}