{"train_loss": 0.03612003077485909, "train_acc": 0.9876, "val_loss": 0.5564097025791804, "val_acc": 0.8633333333333333, "_timestamp": 1696496515.4665751, "_runtime": 6909.104827165604, "_step": 9, "_wandb": {"runtime": 6908}}