{"train_loss": 0.7699141184488932, "train_acc": 0.53, "val_loss": 0.9260190073649088, "val_acc": 0.6466666666666666, "_timestamp": 1696578818.3478453, "_runtime": 20.60539221763611, "_step": 0, "_wandb": {"runtime": 25}}