{"train_loss": 0.8213255564371745, "train_acc": 0.5026666666666667, "val_loss": 0.21747392654418946, "val_acc": 0.17666666666666667, "_timestamp": 1696578617.8771927, "_runtime": 21.015930652618408, "_step": 0, "_wandb": {"runtime": 28}}