{"train_loss": 0.07491106826663017, "train_acc": 0.9852, "val_loss": 0.5053522216916084, "val_acc": 0.8896, "_timestamp": 1696434126.2122974, "_runtime": 1161.9899153709412, "_step": 9, "_wandb": {"runtime": 1161}}