{"train_loss": 0.05199665162762006, "train_acc": 0.9845333333333334, "val_loss": 0.4186494795183341, "val_acc": 0.8986666666666666, "_timestamp": 1696503080.9812396, "_runtime": 2856.21577167511, "_step": 9, "_wandb": {"runtime": 2855}}