{"train_loss": 0.233062769724528, "train_acc": 0.9065066666666667, "val_loss": 0.27807756385803223, "val_acc": 0.8970666666666667, "_timestamp": 1696512761.728792, "_runtime": 7131.987437009811, "_step": 9, "_wandb": {"runtime": 7131}}