{"train_loss": 0, "train_acc": 0, "val_loss": 0.7142912086486817, "val_acc": 0.5304, "_timestamp": 1696466640.0588698, "_runtime": 22.261977910995483, "_step": 0, "_wandb": {"runtime": 26}}